user,location,gender,followers,text,created_time,comments,good
张雨绮,北京,f,8353343,我因为个人婚姻和情感问题多次叨扰大家，本来下了决心再也不把私事拿出来说了 ，但也确实没有想到会遇到今天的局面。此刻，我觉得尴尬丢人。只想说三点：第一 ，情人间的对话如此隐私，因为情感破裂爆出来，这行为我很恶心！抱歉也恶心大家了 ，但我不想采取同样方法报复。第二 ，自由之身，与谁约会都 ​,Sun Jan 06 19:12:53 +0800 2019,87029,457897
我是袁巴元,上海 黄浦区,m,47147,张雨绮小姐，我觉得，还是需要对您的说辞种种，有所回应。 ​,Sun Jan 06 22:26:50 +0800 2019,63283,125203
金瀚Kim,北京,m,6394860,#世界是暖的# 都给我笑…每一天 ​,Mon Jan 07 15:29:10 +0800 2019,8295,20596
进击的阿木君,广东 深圳,m,4939275,嵌入墙壁里的乐高，打开的那一刻也太惊艳了吧！！ http://t.cn/EGo1xpy ​​​,Sun Jan 06 17:15:54 +0800 2019,4465,68598
池子池子大池子,其他,m,4032534,今天是本季最後一期吐槽大會，應該還有下一季，但這是我最後一期了，感謝有你，滿心歡喜，謝謝大家，我是池子！ ​,Mon Jan 07 00:34:06 +0800 2019,24811,162185
努力努力再努力x,湖南 长沙,m,45091906,今晚 不就是全民吐槽 我想开了 ​,Sun Jan 06 19:52:13 +0800 2019,89090,308358
梨视频,北京,m,14253250,【他消灭了中国小儿麻痹症！今天请转发，#送别糖丸爷爷#顾方舟！[蜡烛]】1月2日，我国著名病毒学专家顾方舟去世，享年92岁。顾方舟研究脊髓灰质炎（小儿麻痹症）预防及控制40多年，1960年他成功研制出首批脊灰活疫苗，1962年又牵头研制成功糖丸减毒活疫苗。自1964年“脊灰”糖丸疫苗全国推广以来，数十 ​,Mon Jan 07 10:25:18 +0800 2019,8355,63571
张樟同学,北京,f,825877,我是#义卖星推官#张樟，我为#千里西藏助学行#公益活动义卖了我的闲置物品，2019分享你最喜爱的义卖明星！到线头公益助我成为#义卖大使#吧！分享让闲置物品更有爱！http://t.cn/EGOfNvM   @线头公益 ​,Mon Jan 07 12:53:47 +0800 2019,140,3248
阿信,台湾 台北市,m,21969394,"人生無限公司 最終場

起點站 高雄 2017年3月18日
最終站 台中 2019年1月6日
總計122場 動員415萬人次參與

阿信：
這是一生中最奔波的一趟長征
這是一生中最任性的一次旅行

怪獸：
戰士卸下盔甲，吉他手放下吉他，
肩頭上因為摩擦而留下的痕跡，
麻麻的指尖，
留在心中的悸動，
是怎麼也忘不掉的。

 ​",Sun Jan 06 21:15:49 +0800 2019,23808,67089
Rabbit每日爆料,北京,m,2025853,金球奖红毯上有粉丝用中文喊甜茶，他立马回应粉丝又说了一遍，真的好甜[好喜欢]http://t.cn/EGpY0yS ​​​,Mon Jan 07 09:16:14 +0800 2019,6119,61078
新京报我们视频,北京 东城区,m,6022553,【#艺术升崩溃#考生心急如焚 软件方：报名人数太多】1月6日，不少艺术生反映，通过艺考报名App“艺术升”进行报名时遇到了软件卡顿、乱码等问题，导致无法顺利报名。艺术升软件方回应称，问题原因系“全国艺术院校减少、考点削减，加上考点容量限制，造成大量考生集中报名院校部分考点”引起。 ​,Mon Jan 07 00:09:54 +0800 2019,10251,48761
大学新鲜事,北京 东城区,m,10793204,#清华奖学金答辩会 神仙打架#，大家可以感受下[允悲] http://t.cn/EAifx7I ​,Sun Jan 06 17:56:43 +0800 2019,10575,50550
谢娜,北京 海淀区,f,122666511,带宝宝们上车的时候，手指被车门狠狠的夹了一下，痛得我想大喊一声大哭一下[怒骂][抓狂]突然忍住了，一瞬间想不能吓着她们，我要做她们眼中坚强阳光可爱的妈妈[悲伤][拳头] 于是我微笑着流下两行疼痛的眼泪[笑cry] ，哇，真的真的好痛啊，这感觉好酸爽啊[允悲][奥特曼] ​,Mon Jan 07 11:54:37 +0800 2019,7915,106320
李易峰,北京,m,54063258,抢先我自己来发 ​,Mon Jan 07 13:50:09 +0800 2019,19021,76727
TFBOYS-王俊凯,重庆,m,70210371,买票了吗？该准备回家了吧。春运路上别忘了来条士力架，不要饿着回家哦～#王俊凯士力架饱你回家# http://t.cn/EG0EkNX ​,Mon Jan 07 12:04:30 +0800 2019,25572,99879
天津日报,天津,m,1608946,"【权健公司实际控制人束某某等18人被依法刑事拘留】记者从“权健事件”等联合调查组获悉，权健自然医学科技发展有限公司实际控制人束某某等18名犯罪嫌疑人已被依法刑事拘留。

2019年1月1日，天津市公安机关对权健自然医学科技发展有限公司涉嫌组织、领导传销活动罪和虚假广告罪立案侦查。1月2日，对在 ​",Mon Jan 07 03:00:45 +0800 2019,8211,26578
闻娱教主,其他,f,3647244,#霉霉给ladygaga颁奖# 第76届#金球奖#上，Lady Gaga主演的《一个明星的诞生》中的歌曲《Shallow》获得最佳原创歌曲， “霉霉”泰勒·斯威夫特 为她颁奖，两位天后上演世纪拥抱，并一起搂着退场，世纪同框终于等到了！[憧憬][憧憬] http://t.cn/EG0Sml0 ​,Mon Jan 07 11:03:07 +0800 2019,4284,39578
Mr_凡先生,其他,m,44920973,收官之夜 时间煮雨  #下一站传奇# ​,Sun Jan 06 20:55:58 +0800 2019,22410,121911
央视新闻,北京,m,79409857,【今天，转发微博，送别#糖丸爷爷顾方舟#】昨天，中国医学科学院举行顾方舟追思会。他研制出液体和糖丸两种活疫苗，使数十万儿童免于致残；制定出我国第一部“脊髓灰质炎口服活疫苗制造及检定规程”，保证了数十亿人份疫苗的质量。他说：“希望免疫工作者，能看好、保护好每一个孩子，让他们健康成长。 ​,Mon Jan 07 09:13:02 +0800 2019,3496,25279
陆毅,北京,m,26680479,#陆毅[超话]# 生日胖五斤能被原谅吗[羞嗒嗒] ​,Sun Jan 06 17:38:06 +0800 2019,7614,39638
李铁根,河北 保定,m,5650129,我老了，完全看不懂现在的电视剧了…… http://t.cn/EGK2Z2e ​,Sun Jan 06 17:46:01 +0800 2019,17165,9837
思想聚焦,广东 广州,m,27877228,"那些“大龄剩 女”还在坚持什么？这个回答真好！[心]

我，32。没有男朋友。

最近很忙。

八月工作太忙，生了一场不大不小的病，元气大伤。

在病床上订下个月的机票、酒店、行程。九月病未痊愈，按照既定行程带父母去日本旅游。

这是妈妈第二次出国，爸爸第一次。

十月整理现在住所的物品，准备正 ​",Sun Jan 06 22:05:04 +0800 2019,3479,27220
大头和他的朋友们,辽宁 沈阳,m,3005778,问题来了，#什么菜才是真正的米饭杀手#。 ​,Sun Jan 06 23:02:24 +0800 2019,42285,12679
XR-COOLM默默,广西 南宁,m,5513,#70万艺考生丧失报名资格#  #上亿讨论艺术升崩溃热搜被秒删# #艺考升崩溃# 炸了炸了，还压热搜，我一个程序猿都看不下去了！！！报名上不上反正我在上，艺术升不升反正我最坑…… ​,Sun Jan 06 20:37:42 +0800 2019,6193,37083
倪妮V,江苏 南京,f,20978666,只要一工作就让我自拍[二哈]尽力了[羞嗒嗒] ​,Sun Jan 06 22:18:20 +0800 2019,3183,58530
五月天,台湾 台北市,m,3995984,"人生無限公司 最終場

起點站 高雄 2017年3月18日
最終站 台中 2019年1月6日
總計122場 動員415萬人次參與

阿信：
這是一生中最奔波的一趟長征
這是一生中最任性的一次旅行

怪獸：
戰士卸下盔甲，吉他手放下吉他，
肩頭上因為摩擦而留下的痕跡，
麻麻的指尖，
留在心中的悸動，
是怎麼也忘不掉的。

 ​",Sun Jan 06 21:16:02 +0800 2019,7125,37164
娱评姐,广东,f,1280241,[心]点赞这只#猪年限定#[心]后转走这只猪事顺利！2019家人健康！一夜暴富！好运连连[心] ​,Sun Jan 06 22:29:42 +0800 2019,1095,26608
娱乐榜姐,上海 静安区,f,2691639,#美女戴贝雷帽 我戴贝雷帽# 结果拼图一出，有部分网友说：#石原里美戴啥都好看# 冲着这句话很多网友不服，都说手里有大把美女照，所以不拼爹，拼图，把你手里的美照都晒晒[摊手] ​,Sun Jan 06 17:51:12 +0800 2019,3470,29460
人民日报,北京,m,84390935,【最心疼的等待：父亲高空抢修电线 3岁儿子寒风中守候】1日，陕西汉中一小区熔断器出现故障，电网工作人员董红亮来不及将孩子托付他人，带儿子赶赴现场。寒风中，男孩头戴连衣帽、裹着比自己大很多的衣服坐在路边，仰着小脸望向高空作业的父亲。“爸爸，我就乖乖坐着等你！”这一幕，令不少人感动。 ​,Mon Jan 07 12:45:29 +0800 2019,1086,10987
芒果捞小萌主,海外,m,1785119,"#为什么小公爷不是男主# 因为男主是女主的，男二是观众的！
朱一龙新闻当事人 知否剧透画面cut
朱一龙《知否知否应是绿肥红瘦》曝光了还未播出片段：郡主答应齐衡去盛家提亲，齐衡喜极而泣，齐母：我这就更衣去盛家，一定将这门亲事说成。
齐衡金榜题名，小公爷：我中了！
齐衡：二叔来的这么晚，贵人 ​",Sun Jan 06 19:27:50 +0800 2019,9701,41102
资深观众韩梅梅,福建 厦门,f,2629134,"#童年印象深刻的动画# 分享
第一弹：沙雕短片大合集[doge]
http://t.cn/EGoKPZ4 ​",Sun Jan 06 16:02:58 +0800 2019,5172,13919
William威廉陈伟霆,香港 中西区,m,36239115,"这一站的结束，就是下一站的开始。
今晚九点#下一站传奇# ​",Sun Jan 06 19:31:36 +0800 2019,60938,102359
林俊杰,台湾 台北市,m,48320222,回歸大自然，聽聽海的聲音，重新啟發內心的靈感。。。 ​,Mon Jan 07 08:50:30 +0800 2019,6120,41289
孙燕姿,海外 新加坡,f,24244305,"祝我挑剔又讨厌的妹妹生日快乐！爱你, 愿你继续幸福快乐。 😍😍😍 ​",Sun Jan 06 16:24:42 +0800 2019,3897,32653
星闻揭秘,海外 美国,f,5597356,"张艺兴吐槽cut 张艺兴吐槽大会 张艺兴吐槽李诞方文山欧阳靖欧阳娜娜 张艺兴【我为什么这么努力，如果你跟我一样吹过那么猛的牛，你也得努力努力再努力】#李诞对张艺兴的吐槽好狠#
张艺兴：我说过很多让大家匪夷所思的话，我说过我妈认为我是下一个迈克尔杰克逊，我说过我的音乐专辑要把音乐市场给震动 ​",Sun Jan 06 20:20:16 +0800 2019,6643,45289
青厌君,香港 九龙城区,f,135000,"蜡像这首歌过于屌了....这是我当年第一次知道有跳音这么个东西....下巴惊到掉下来[拜拜][拜拜][拜拜]
这首歌Vitas还当着普京的面唱过....歌词我铁服[拜拜][拜拜][拜拜]
http://t.cn/EGKtKSf ​",Sun Jan 06 18:18:09 +0800 2019,1068,14070
范丞丞Adam0616,其他,m,10289059,2019的第一场球，很过瘾！#天猫高校名人堂# ​,Sun Jan 06 23:44:31 +0800 2019,20232,95081
OhyeahOh,海外,m,18162,"#李诞对张艺兴的吐槽好狠# 

张艺兴回怼完整版 小绵羊变身张怼怼 怼的漂亮[笑cry]
品一品张艺兴的梗 我真的要笑岔气 绝地反击[赞]

李诞 你别带我去酒吧 你最好也别去[doge]
张艺兴自己都说 我说过很多让大家匪夷所思的话
你说我为什么这么努力
如果你跟我一样吹过这么猛的牛 你也得努力 而且还得努力 ​",Sun Jan 06 22:07:28 +0800 2019,5773,39569
锦鲤大王,福建 福州,m,17943623,下周大吉，会有好事发生的[心] ​,Sun Jan 06 17:46:04 +0800 2019,2455,24685
央视新闻,北京,m,79409861,【#小黑盒可开智能门锁# 你家的锁安全吗？】不久前，几段用“小黑盒”打开智能门锁的视频在网络上流传。小黑盒，专业术语叫特斯拉线圈，开启瞬间可产生强大电磁场，干扰门锁内部电路，将锁打开。国家通用电子元器件及产品质检中心对38个品牌、40款型号的智能门锁进行了风险监测，其中15%能被小黑盒打开 ​,Mon Jan 07 09:50:52 +0800 2019,4577,11982
记得,河北,m,410931,2019幸运猪，心想事成，万事如意。#猪年限定# @猪小屁 ​,Sun Jan 06 22:52:24 +0800 2019,1470,19214
Edwin埃德文,四川,m,2929222,德国DJ Zedd在自己位于洛杉矶1600万美元的豪宅墙壁上，用乐高建了一个隐秘空间！！[吃惊][吃惊][吃惊] http://t.cn/EGKxYm5 ​,Sun Jan 06 18:35:53 +0800 2019,2218,21324
MD_摩登兄弟,辽宁 丹东,m,5817492,"2018感恩咱家朋友的陪伴。
2019愿大家每天都有好事发生。
很开心在新年伊始加入@QQ浏览器 #超新星热搜计划#成为超新星热搜官。马上打开手机QQ浏览器。搜索我的名字。扫描我的头像。期待源源不断的神秘惊喜吧。
#QQ浏览器超新星热搜官刘宇宁# ​",Mon Jan 07 10:00:03 +0800 2019,25800,27738
韩寒,上海,m,45577533,《飞驰人生》现场NG特辑http://t.cn/EGxFGSJ ​,Sun Jan 06 20:06:59 +0800 2019,6989,26853
中国日报,北京,m,41142699,【罚款400+扣6分！男子#不避让救护车被罚#】@北京交警 6日通报，一黑色小客车在北京东三环北路，不避让正在运送病人的救护车。经查，驾驶员刘某某未按照规定让行执行紧急任务的救护车，且驾驶未按规定期限进行安全技术检验的机动车，处400元罚款，扣6分。及时避让救护车，转发呼吁！（人民日报） ​,Mon Jan 07 10:59:03 +0800 2019,2169,5564
一起神回复,福建 福州,m,11249864,转需 ​,Sun Jan 06 17:54:06 +0800 2019,2234,15513
中国网新闻中心,北京 海淀区,m,610803,#清华奖学金答辩会 神仙打架# 【全程高能！清华本科生特等奖学金答辩，围观“神仙打架”！】近日，北京清华大学举办2018年本科生特等奖学金答辩会的视频再被翻出。入围答辩的学生群雄逐鹿，现场奖项、论文、研究成果横飞，被网友称作“神仙打架”！点开后默默退出，梁静茹都不敢给我点开视频的勇气，我 ​,Mon Jan 07 09:00:10 +0800 2019,3352,16352
张馨予,江苏 苏州,f,20897117,"他看见老奶奶摆摊卖麻花
把剩下的麻花都买回来了…
他说9斤麻花，可以吃四个月 ​",Mon Jan 07 09:55:48 +0800 2019,2876,27738
一支上上签,海外 印尼,f,6950108,明天开始的一周里，好事会不断发生 ​,Sun Jan 06 19:55:52 +0800 2019,2304,15901
林彦俊,上海,m,6411191,"一路跋涉，直到遇见“你”
谢谢一直都在的你们，刚好，一切的一切，都刚刚好。
#林彦俊首张EP##林彦俊刚好的伤口#
 
@QQ音乐：
http://t.cn/EGCv2mK
@酷狗音乐：
http://t.cn/EGCv2m6
@酷我音乐：
http://t.cn/EGCv2mo
@咪咕音乐：
http://t.cn/EG9u8cc ​",Mon Jan 07 08:26:20 +0800 2019,19568,54435
郭艾伦,辽宁,m,2768839,"不练武术…只打篮球…
18连…感谢你我他[摊手][摊手][摊手] ​",Sun Jan 06 22:18:46 +0800 2019,3611,28029
wu2198,广西 南宁,f,6293863,"一见看贴不回的，我就有拉黑的冲动！
http://t.cn/EG0Qls9 ​",Mon Jan 07 11:35:00 +0800 2019,1094,7491
穿帮君,北京 朝阳区,m,4877754,哈哈哈哈哈哈哈哈哈哈哈哈哈哈哈哈哈哈哈哈哈哈哈哈现在玩狼人杀都流行自曝身份了吗！！！我头都笑掉了！！！[允悲] http://t.cn/EG0G90x ​,Mon Jan 07 10:35:20 +0800 2019,5150,17265
孙红雷,北京 朝阳区,m,31114471,新年，温馨提示[并不简单][并不简单][并不简单] ​,Sun Jan 06 19:16:56 +0800 2019,2194,43468
丘寒,四川 成都,m,139527,哪怕一晚上就拍到这么一组也是值了！ http://t.cn/EGCgUov ​,Mon Jan 07 00:19:50 +0800 2019,1092,9181
阿粪青,广东,m,1549139,#烫出了钢丝球的效果# 泡面头烫出了钢丝球的效果 ​,Sun Jan 06 17:54:12 +0800 2019,8479,17750
猫眼大明星,北京,f,428550,"#猫眼大明星#独家专访#朱一龙[超话]# 。是什么契机让@朱一龙 饰演《知否》齐小公爷？没有杂念专心去饰演人物，去感受、去体验。更是自曝和小公爷相像之处[偷笑]
———“演员的根本就是拍好作品“
片尾的萌龙爆料生活小趣事，京城第一美男就很难，无敌可爱+演员魅力，居老师简直不要太帅！快👇正片围 ​",Mon Jan 07 12:05:31 +0800 2019,4734,12413
幸福姬,海外 美国,f,5395,What The Fu*k http://t.cn/EGoE9PI ​,Sun Jan 06 16:41:32 +0800 2019,2894,9194
全球健身中心,广东 广州,f,17935115,去年一个很火的减脂操30分钟完整版，大家都在练，跳30分钟等于运动二小时，坚持跳的都成功瘦了，你确定不坚持练吗！真的很有用，马住吧！！跳起来不费劲，试了不亏。 ​[加油]http://t.cn/EbbL5ie ​,Sun Jan 06 22:02:51 +0800 2019,285,4170
a土人,北京 怀柔区,f,222714,"简要说明一下我与 @谷大白话 的合作方式。

同为脱口秀爱好者，我和谷大白话很早就在微博认识了。三年前谷大白话邀请我帮他做视频翻译，我明确说过我不做职业枪手。他说他未来会把谷大白话转型成一个团队，把我以团队成员的身份带到前台。当时我希望未来能在影视行业发展，于是同意与他合作。

从2016 ​",Sun Jan 06 19:19:31 +0800 2019,2337,11191
GEM鄧紫棋,香港 其他,f,28471406,"继新说唱后，再一次冠军～请叫我锦鲤😝
开玩笑！不是因为幸运，是因为挺齐全战队的每一位真的都付出很多努力！我很荣幸见证你们逐步成长，很骄傲！继续加油！
#下一站传奇# @William威廉陈伟霆 @胡海泉 
P.S.超越妹妹这张图我P了很久，还是P成像叼了朵花⋯原谅我[泪] ​",Mon Jan 07 00:38:24 +0800 2019,7371,28738
中国新闻网,北京 西城区,m,44067873,【税务局会根据房租抵扣信息征税？回应：没接到追征通知】住房租金可以抵扣个税了，但房东却担忧税务部门会根据信息找其征税。对此，记者咨询国家税务总局12366纳税服务平台，客服表示目前没有接到根据专项附加扣除信息追征房租相关税费的通知。专家表示，以担心被税务局追缴税费的理由来阻挠房客抵扣 ​,Mon Jan 07 11:26:55 +0800 2019,2893,5385
芒果娱乐,北京 朝阳区,f,2695746,"#胡歌是保密局的吧# 胡歌低调亮相超级IP风云盛典，让粉丝也惊喜直呼：胡歌是保密局的吧[笑cry]行走的大长腿，亮相红毯就是惊艳[跪了]
#芒果娱乐[超话]# ​",Sun Jan 06 22:28:27 +0800 2019,2049,26132
杨紫,北京 东城区,f,41642349,我会啦～明天看我的吧！#杨紫瘦time# #明星制片人微计划# http://t.cn/EGKexRG ​,Sun Jan 06 20:00:12 +0800 2019,3890,48526
综艺娘,海外,f,2141204,"#欧阳娜娜 可爱#
欧阳娜娜成长记，一个从小可爱到大的小姐姐[米奇比心][米奇比心] ​",Sun Jan 06 22:50:48 +0800 2019,2315,21545
同道大叔,北京 东城区,m,16835657,"好的感情一定是会让你变得更好的
变得自信 变得温柔
变得愿意去发现对方身上的光芒万丈 
去呵护彼此的小小心思
好的感情是你身边的朋友都觉得你现在的状态可真好啊
你说对吧 ​",Mon Jan 07 00:55:08 +0800 2019,1323,13686
头条新闻,北京,f,59601927,【数百名被拐儿童已救出，名单和照片公布：请帮孩子早点回家！】近日数百名被警方解救的被拐儿童的名单和照片公布了，他们至今仍未找到自己的亲人。他们被拐卖时，有的刚出生几天，可能从未在父母怀中撒过娇，至今不曾感受过爸爸妈妈的爱， 请帮这些宝贝回家！多个转发，多个希望！(中央政法委长安剑) ​,Sun Jan 06 23:40:03 +0800 2019,765,1981
喜脉洗脉,辽宁,f,5874621,#父母做过哪些你觉得很酷的事#  来来来评论见 ​,Sun Jan 06 17:18:24 +0800 2019,16896,10529
AbbyPollock,海外 加拿大,f,295722,#冬天减肥比搞对象还难# 在这个充满了饥饿感的季节，看到高热量食品根本把持不住[笑cry] ​,Mon Jan 07 11:15:36 +0800 2019,1462,6813
华西都市报,四川 成都,f,14763704,【分手4个月 她却要帮前男友还贷款 前男友：最近手头紧，后面再想办法补上[并不简单]】#分手4个月帮前男友还贷#去年，家住重庆的龙女士交往了一个男朋友，不到半年就分手了。前男友和她交往期间，曾利用她的身份信息在多个网贷平台上贷款，总金额接近两万元。之前，前男友确实也在按时还钱，但最近几个 ​,Mon Jan 07 11:21:04 +0800 2019,2366,5645
刘春,北京,m,10245839,长者和我谈笑风生。 ​,Sun Jan 06 19:15:18 +0800 2019,1057,2997
炎亞綸_AaronYan,台湾 台北市,m,18572494,"#炎亚纶[超话]# 嘿學妹，流川綸謝謝你們今日的應援～流川楓！流川楓！我愛你！
學長要睡了，奈奈 ​",Sun Jan 06 23:21:05 +0800 2019,11550,24412
梨视频,北京,m,14253251,【#权健百亿帝国崩塌始末#：从丁香医生起底，到束昱辉等人被刑拘，仅隔14天[思考]】从2018年12月25日@丁香医生 发文起底权健，到12月27日天津市成立联合调查组进驻权健，再到2019年1月7日束昱辉等18人被依法刑事拘留……仅仅相隔两周，进展神速。一分钟带你看完权健百亿保健帝国崩塌全过程。@老板联播  ​,Mon Jan 07 09:58:29 +0800 2019,2631,9471
阿信,台湾 台北市,m,21969397,"燈亮起時  你就在光暈裡
幕落下時  你還在我心裡

謝謝你  
讓我出現在你的自傳裡

今晚
人生無限公司 No.122 最終場

. ​",Sun Jan 06 17:28:57 +0800 2019,12364,39405
梦济南,山东 济南,f,694382,#猪年限定#今天看到的此图小伙伴10秒内转发点赞，往后余生，发财暴富！[色] ​,Sun Jan 06 22:36:47 +0800 2019,420,12843
阿信,台湾 台北市,m,21969397,"[ 挪威的森林 ]  伍佰 ✕ 五月天
mayday Life Tour no. 119 壓軸加班曲

讓我將妳心兒摘下
試著將它慢慢溶化
看我在妳心中是否仍完美無瑕

是否依然為我絲絲牽掛
依然愛我無法自拔
心中是否有我未曾到過的地方啊

那裡湖面總是澄清
那裡空氣充滿寧靜

雪白明月照在大地
藏著妳不願提起的回憶（藏著妳最 ​",Sun Jan 06 19:30:07 +0800 2019,5547,33166
JeremyLin林书豪,海外 美国,m,5822548,往前走，别回头 #NeverDone# ​,Mon Jan 07 11:19:07 +0800 2019,723,9839
谢娜,北京 海淀区,f,122666513,[嘘] http://t.cn/EGCRzDP ​,Sun Jan 06 23:44:40 +0800 2019,4953,52481
布丁没你甜,海外 意大利,m,1208517,喝了点酒之后跟男神告白，结果第二天醒来一看手机.....[哆啦A梦吃惊] ​,Sun Jan 06 21:35:37 +0800 2019,5959,11824
石原里美闲聊会,其他,f,522180,"[圣诞老人]有一种冷，叫石原里美觉得你冷。
[圣诞老人]录制旅行节目的女士坚持给没穿袜子的工作人员买了袜子。
[圣诞老人]来自老母亲的暖心。
#石原里美[超话]# ​",Sun Jan 06 15:50:53 +0800 2019,1309,9394
娱乐日爆社,北京,m,5697397,#李诞对张艺兴的吐槽好狠#《吐槽大会》@李诞 吐槽张艺兴@努力努力再努力x ：“今天开始我的偶像就是张艺兴了，你们就会在各大综艺节目里看到我哭、下跪、学羊吃草”[doge]称张艺兴的歌国内发布国外没人听，只能拿回来卖，这种歌叫外贸尾单。还吐槽艺兴国内唱跳第一人的称号，要带领华语音乐走向世界“ ​,Sun Jan 06 22:19:08 +0800 2019,4537,15710
欧阳娜娜Na数据组,台湾 台北市,m,13428,#欧阳娜娜 可爱# 是的啦 可爱本娜 ​,Sun Jan 06 21:36:00 +0800 2019,1360,21842
YouTube精选,海外 其他,m,14715681,【什么家庭啊，家里有乐高墙啊[跪了]】DJ Zedd分享了家里的一面墙壁，这面墙被改造成了许许多多的乐高空间。每扇小门打开都是精心设计的场景，还有守望先锋的”花村“主题房间，可以说是很让人羡慕了[跪了] http://t.cn/EG0z6g2 ​,Mon Jan 07 10:15:27 +0800 2019,649,2891
火箭少女101_杨超越,上海 黄浦区,f,4728970,新一年，你们知道我的心愿是什么吗？希望能把我的努力和好运都带给月芽们~德芙送福大使—杨超越，祝你新年“超有福气”！点击下方视频，我们一起新年送新福，#年年得福#！悄悄告诉大家，去@德芙悦时刻 还能围观我和@火箭少女101_傅菁 @火箭少女101_徐梦洁 的另一支新年广告片哦！http://t.cn/EGGI5ot ​,Mon Jan 07 11:30:27 +0800 2019,4299,16753
腐女大本营,北京,f,4314892,"#小秦氏演技太厉害##顾二叔终于看清曼娘真面目# 
手动允悲啊！哈哈哈哈哈哈哈！！！[允悲] ​",Sun Jan 06 22:16:56 +0800 2019,1894,16398
阿莫学长,广东 深圳,m,4327473,"其实男生有时候在喜欢的人面前就像是一个永远都长不大的孩子呀[二哈]
那么大家来都说说，#男生在恋爱中会撒娇吗# ​",Mon Jan 07 13:09:06 +0800 2019,9089,11607
污盟主,黑龙江,m,435706,老公出轨，原配当场抓奸，小三被逮个正着……现场十分凌乱。[哆啦A梦吃惊]#捉奸现场# http://t.cn/EG9Kpis ​,Sun Jan 06 21:18:22 +0800 2019,2315,9348
傅园慧o_O,浙江 杭州,f,7453687,http://t.cn/EGCD6mN,Mon Jan 07 00:30:09 +0800 2019,1905,11302
Mr_凡先生,其他,m,44920976,http://t.cn/EGC3Ur3,Mon Jan 07 00:00:05 +0800 2019,14055,66151
守望好莱坞,北京 海淀区,f,8684307,#金球奖#红毯上，提莫西·查拉梅认出了自己的中文外号“甜茶”，并喊了一遍[笑cry]来自金球奖官方微博@金球奖GoldenGlobes ，记者@婷的看片房 http://t.cn/EGpaR4T ​,Mon Jan 07 08:55:10 +0800 2019,933,8604
人民网,北京,m,62042565,【南方人看不懂#北方人晒饺子#！志愿者杀猪为贫困户包饺子，3万个饺子铺室外速冻】5日，黑龙江望奎，一群志愿者连续4年为孤寡老人和贫困户包饺子。他们今年杀了一头肥猪，又买了1000斤酸菜，打算包3万个饺子。他们将刚包好的饺子铺在室外，在“天然大冰柜”中冷冻装袋。@梨视频 http://t.cn/EG95sZU ​,Mon Jan 07 15:19:26 +0800 2019,1568,5801
谷大白话,北京,m,12024848,1.我跟土人认识很多年。当时我在微博上翻译囧司徒和扣扣熊的脱口秀视频，结识了不少像土人一样的囧叔扣叔粉丝。土人对美国文化很熟悉，是脱口秀粉丝中的佼佼者。所以我俩很聊得来。她毕业后也做过撰稿写影评的工作，但似乎不是太开心，我就说那不如来做我助理吧，帮我翻译脱口秀，影视和科普方面的视频 ​,Mon Jan 07 01:18:37 +0800 2019,2896,2726
一颗甜菜呀-,海外,f,507942,"#李诞对张艺兴的吐槽好狠#
张艺兴反击李诞这段也挺狠的呢哈哈哈哈哈哈哈哈
张艺兴：我是一个很会反击的人[doge][doge]
http://t.cn/EG9h8PY ​",Sun Jan 06 21:14:47 +0800 2019,3237,25216
我们爱讲冷笑话,其他,f,7949180,这就是我想象中的冬天生活，朴素的幸福[憧憬] http://t.cn/EGKmyEN ​,Sun Jan 06 19:41:05 +0800 2019,1309,10196
一位小财主,海外 美国,m,1897291,"立刻赞赞赞
揪一位小可爱送这款小ck包包
记得把关·注也点上，明天就开[米奇爱你] ​",Sun Jan 06 18:00:16 +0800 2019,1020,23865
最神奇的视频,海外 美国,m,11850442,复旦女博士教您一分钟读懂“血常规”报告单，家有孩子的可以收藏。 http://t.cn/EGWUgnS ​,Mon Jan 07 15:01:16 +0800 2019,90,1476
会火,其他,m,5660672,#会火话题# #胡歌是保密局的吧# 胡歌和吴磊出席某活动时同框，拥抱热聊不断，苏哥哥和飞流的大型回忆杀现场~ ​,Sun Jan 06 20:48:56 +0800 2019,1864,19380
周笔畅,北京,f,31391429,#下一站传奇# It never ends.[米奇比心][米奇比心] ​,Sun Jan 06 22:37:26 +0800 2019,10476,15837
微博搞笑排行榜,广东,f,52681923,工作中你学到，最深刻的经验教训是什么 _____________________________ ​​​,Sun Jan 06 22:00:02 +0800 2019,42592,21556
周柏豪Pakho,香港 其他,m,4512206,"若果
一點光代表一點力量
這一萬多點光集合在一起
足以改變我的生命
是你們把我填上顏色
是你們給我信心和力量

你們 就是我的生命

#周柏豪[超话]##周柏豪OneStepCloserLive# http://t.cn/EGNv4CK ​",Mon Jan 07 00:49:25 +0800 2019,1602,10353
景甜,北京,f,21251155,今天的秋裤无处躲藏[偷笑][偷笑][偷笑] ​,Sun Jan 06 20:07:28 +0800 2019,14678,77187
娱乐圈神评,北京,f,3151427,#李诞对张艺兴的吐槽好狠#吐槽得一点都不留情面，你注意到艺兴怎么鼓掌了吗？好呆萌！！哈哈哈哈，张艺兴一般不搞笑，搞笑起来不一般[允悲] http://t.cn/EGCKxTD ​,Sun Jan 06 23:12:06 +0800 2019,2801,17308
电影少女小猪佩刀,北京,f,594400,约翰塞纳身份认证：中文名赵喜娜，电影大黄蜂主演，16次WWE世界冠军，中文十级使用者，老干妈国际无偿代言人。 http://t.cn/EGKfCp6 ​,Sun Jan 06 18:25:18 +0800 2019,1932,11813
新浪财经,北京,m,17061960,#权健动车组冠名被撤#【中国铁路中止与权健合作 动车组冠名被撤】由权健自然医学科技发展有限公司冠名的和谐号列车“权健集团”号近日已被取消冠名，中国铁路北京局集团有限公人士透露上述消息。 ​,Mon Jan 07 13:07:36 +0800 2019,860,2612
回忆专用小马甲,其他,m,35450815,岛国的choro，耳朵长长卷卷，像个双马尾宝宝[心] ​,Sun Jan 06 16:03:27 +0800 2019,1509,11014
二珂Chloe,其他,f,4732769,抓住生日的尾巴，我24啦～[心] ​,Sun Jan 06 23:41:37 +0800 2019,2693,22684
李沁,北京,f,20049681,和小室打了一架才抢到首发权的九宫图2000万福利，请查收。 ​,Sun Jan 06 18:12:50 +0800 2019,7725,40996
CPOPKing-黄子韬,北京,m,42023674,"他们说这是自然记录片…
重点是我的《分手不分离》好听[并不简单]http://t.cn/EG9Ed00 ​",Mon Jan 07 11:04:38 +0800 2019,13946,50411
HeyWarWars,海外,m,2572379,我曾经有一个男朋友，他告诉我我永远都不会成功，永远不会有机会提名格莱美，也不会有一首自己的大hit单曲，他希望我失败的如同一滩烂泥，而我对他说：会有一天，当我们早已不在一起，而你他妈的就连买一杯咖啡都会听到我的歌——Lady Gaga ​,Mon Jan 07 12:24:29 +0800 2019,340,10834
高考直通车,广东,m,2054229,【#中山大学# 挖出汉代古墓？】有学生称：中山大学正在施工建设的体育馆，今天挖出了一个汉代古墓。目前，相关消息还没有官方的确认。你怎么看？    #中山大学 古墓# ​,Sun Jan 06 17:12:52 +0800 2019,4590,14167
新浪期货,北京 海淀区,m,314563,【傅海棠：如果不能百分之百预测 我就不来做期货】如果不能百分之百预测，我就不来做期货。就是这样的。为什么？万事万物都是因果关系，找到了原因就知道了结果。不是先果后因，一定是先因而后果，这是宇宙的规律，这个是任何人改不了的。 http://t.cn/EGorsRu ​,Sun Jan 06 17:05:29 +0800 2019,669,691
视频之家,广东 广州,f,3731568,面点这样做太可爱啦，给师傅点赞，这也是个技术活啊！ http://t.cn/EGpkxNF ​,Mon Jan 07 10:01:13 +0800 2019,89,982
同道大叔,北京 东城区,m,16835659,"#大叔吐槽星座[超话]# 
今年谁也强不过狮子座🦁 ​",Sun Jan 06 20:11:02 +0800 2019,3767,6141
最美中国风,香港 中西区,f,2607566,一日清闲，一日仙。 ​,Mon Jan 07 10:07:26 +0800 2019,213,3642
人民日报,北京,m,84390944,【今天，发条微博，缅怀这位老人】①祖籍浙江宁波，1907年生于上海；②50年代末，他在香港创办邵氏兄弟公司；③长期捐助内地教育事业，累计达到30亿元；④30年，上万座“逸夫楼”，他留下的慈善精神遍布神州。2014年的今天，邵逸夫离世。“每个人的心里都有一座逸夫楼”。转发，缅怀！ ​,Mon Jan 07 11:15:02 +0800 2019,871,10217
昭宇yellowcat,北京 房山区,f,101133,#朱一龙[超话]# 衡衡太惨了[悲伤][悲伤]…沈家全员陪你[抱抱][抱抱][抱抱] ​,Mon Jan 07 11:12:18 +0800 2019,3058,9697
胡杏儿,香港,f,10446520,在長沙怎麼都要嘬一碗粉吧[馋嘴] ​,Sun Jan 06 16:38:18 +0800 2019,715,12044
北京人不知道的北京事儿,北京 西城区,m,6100587,【真好[good]】@我爱思想精髓 ：晚上空荡荡的北京地铁上，一位疲惫的母亲怀抱着熟睡的孩子，怕弄脏了座位，就把自己的背包垫在孩子的脚下。。。[心] ​,Sun Jan 06 23:17:43 +0800 2019,297,3302
天涯历知幸,其他,m,1424152,"张雨琦女士和袁巴元先生这一对，是我最欣赏的一对明星（前）夫妻

为什么这么说？

因为接地气

两人是一言不合就大打出手

我骂你狐臭劈腿女

你骂我欠钱软饭男

整个过程刀光剑影酣畅淋漓

如同无数世俗夫妻烟火味爆棚

绝不搞：

1 暗地里离了婚，为了圈钱还得对着公众秀恩爱那一套

2 为了孩子我才 ​",Sun Jan 06 23:38:20 +0800 2019,983,5659
人人视频,北京,f,6478221,#金球奖# 第76届金球奖吴珊卓凭借《杀死伊芙》获得剧情类剧集最佳女主角！她是首位获得该奖的亚裔演员，也是今晚的主持人！太棒了！期待第二季！ ​,Mon Jan 07 10:33:58 +0800 2019,679,4737
黄渤,北京 朝阳区,m,40140519,疯狂的外星人来到婉约秀气的杭州，神奇的化学反应就这么来啦[耶]最后的图捏了个@沈腾  以表感谢[偷笑]😝😝 #疯狂的外星人初一见# ​,Sun Jan 06 21:03:53 +0800 2019,2279,17741
Kakakaoo-,上海,f,8687448,"橘朵试色视频来啦~
非常秋冬显气质的颜色~
评论里揪10个宝宝送橘朵口红💄
http://t.cn/EGKEIDF http://t.cn/EGKEQZQ ​",Sun Jan 06 19:38:13 +0800 2019,13036,11468
李溪芮,北京,f,6724960,#2018阅文超级IP风云盛典# 今天开了嗓 1.13别忘了看东方卫视🙃 ​,Sun Jan 06 23:07:25 +0800 2019,2494,20102
文科班校花酱,海外,m,7471948,嘿嘿[嘻嘻] #赖床带来的好处# ​,Mon Jan 07 11:03:42 +0800 2019,1256,5694
斌斌1102,其他,f,10968,"这两天一直在捋
为纪念这个不可再来的跨年
也为或许在等的你们
可是
捋出千言万语
反反复复
却还是决定把它们埋起来
很抱歉
因为我觉得
他的好不需要旁人细节讲述来证明什么
而爱他的你们更不需要这些来相信什么
有作品有诚意有口碑
有理解有信任有默契
就够了
对于疯言疯语
会自有报应吧
和他一样
做 ​",Mon Jan 07 00:41:09 +0800 2019,4903,14042
新浪科技,北京 海淀区,f,16718307,【阿里官方回应股权调整：不影响阿里巴巴合伙人机制】阿里巴巴回应#马云转让出清淘宝股权#，称不涉及阿里巴巴集团层面的股权调整，也不影响阿里巴巴合伙人机制，马云仍将担任阿里巴巴合伙人，并继续在阿里巴巴合伙人机制中发挥重要影响力。http://t.cn/EGO6r4u ​,Mon Jan 07 13:08:28 +0800 2019,1081,3649
YouTube上的搬运工,海外 美国,m,3782440,哈哈哈哈我究竟看了什么[doge][doge]！ http://t.cn/EGi2C72 ​​​,Sun Jan 06 19:16:59 +0800 2019,1010,6269
歐陽娜娜Nana,台湾 台北市,f,12907354,"螞蟻競走運動項目創始人，我✨（驕傲）
http://t.cn/EG9Kzxr ​",Sun Jan 06 21:17:30 +0800 2019,2910,32468
道版情节,四川 成都,f,9289,校霸被老师爆打看着好可怜惹[允悲] ​,Sun Jan 06 21:14:01 +0800 2019,3082,5647
老婆,其他,f,3761257,"用意念吃火锅，评论区开始点菜吧。
我先来：一盘鱼豆腐！

#穷人的娱乐方式# ​",Sun Jan 06 20:36:16 +0800 2019,5240,10923
羅志祥,台湾 台北市,m,61736891,我旁边这位最近很火 同时做了蔡依林跟我的新专辑音乐制作人 他不是别人 他叫@StarrChen-陈星翰 ​,Sun Jan 06 19:55:17 +0800 2019,6816,53200
青春影视小综,上海,f,612653,#李诞对张艺兴的吐槽好狠##张艺兴表情管理# 张艺兴说自己来《吐槽大会》是想直面大家的批评，好让自己保持清醒。面对“流量”他说最重要的是balance。自嘲是一个表达能力有问题又喜欢表达的人，不过他说自己说了就会抗到底，把音乐市场震动一下也不是说说而已，毕竟“如果你跟我一样吹了这么猛的牛，你 ​,Sun Jan 06 20:40:29 +0800 2019,2611,18171
新浪娱乐,北京 海淀区,f,26035475,#阎肃妻女起诉阎肃儿子# 1月7日，@北京海淀法院 发布案件播报称，因对阎肃音乐著作权收益分配比例无法达成一致，阎肃妻女将其子诉至法院，要求对被继承人阎肃的音乐著作之财产权进行析产，判令李老太享有三分之二，阎女士享有六分之一。日前，海淀法院已经受理了此案。http://t.cn/EG0wg5I ​,Mon Jan 07 11:59:19 +0800 2019,2695,3902
andy_bw,北京,m,7078166,叫我雪茄先生👻 ​,Sun Jan 06 20:06:33 +0800 2019,6183,8750
期待我们的每一次相遇,广西,m,1149,这图可以说是p得很到位了[作揖]白莲女团[作揖][作揖]#顾二叔终于看清曼娘真面目##小秦氏演技太厉害##电视剧知否知否应是绿肥红瘦# ​,Sun Jan 06 23:09:41 +0800 2019,1053,9877
周冬雨,北京,f,27573880,今天要做一只活力满满的锦鸭 转发@活力伊利 置顶微博 说出你的2019成长心愿 说不定会实现哦 #2019家满活力# ​,Mon Jan 07 10:03:14 +0800 2019,9939,19236
wu2198,广西 南宁,f,6293865,早安，早起的人们⋯⋯愿新的一周点赞派的众亲赚大钱！🙏🙏🙏 ​,Mon Jan 07 07:05:08 +0800 2019,319,8148
吳京,北京,m,12447403,体验生活，岗什卡 ​,Mon Jan 07 11:01:57 +0800 2019,591,7445
is_rules,北京 东城区,m,1256,"@李诞  你的稿子不行，没说到点子上，我给你写一个作为参考。
大家好我是李诞，今天吐槽大会最后一期，我们请来了方文山，沈玉琳，欧阳靖，欧阳娜娜，孙艺兴，哦对不起，张艺兴，一个让人始终无法记住名字的顶级流量。大家有没有发现，你虽然记不住他的名字，但是他下跪，吃草，日地，摸人屁股，抠图拍 ​",Mon Jan 07 01:17:38 +0800 2019,4022,17592
圈内狙击手,北京 东城区,f,880863,#欧阳娜娜 可爱# 一害羞就捂嘴，从小到大都没变的可爱～ ​,Sun Jan 06 22:46:00 +0800 2019,1230,12062
日本这些事儿,其他,f,187951,米津玄師——lemon [doge] 唱的不错哦 http://t.cn/EG9HtVn ​,Sun Jan 06 21:38:01 +0800 2019,1460,2849
胖虎哥哥哥,北京,m,1226254,应安排 以到达候机室🙏 ​,Sun Jan 06 20:37:28 +0800 2019,6887,43353
余丰慧,北京 东城区,m,2692197,"#清华奖学金答辩会 神仙打架#这个太厉害了！清华大学特等奖学金于1989年设立，是学校授予在校学生的最高荣誉。该奖项每年奖励表现最突出的二十名在校学生，其中本科生十名，研究生十名。
 特等奖学金用以表彰全面发展、综合素质优秀；或者在某一方面具有突出表现或成绩，在学生中发挥良好的引领示范作 ​",Sun Jan 06 18:05:41 +0800 2019,1867,10156
王晰,北京,m,2176665,#王晰[超话]# 谢谢你们！我的铁铁们. ​,Mon Jan 07 01:55:57 +0800 2019,3183,11691
王晓晨,北京,f,9726926,听 …海浪的声音…🌊 ​,Sun Jan 06 16:16:24 +0800 2019,11987,14140
酷酷的滕,其他,m,6750686,我要疯了 我膨胀的要死 过气网红在线回光返照 ​,Sun Jan 06 16:37:51 +0800 2019,2874,18724
BTS_official,海外 韩国,m,3446610,"[#本月的BTS#] 我们ARMY得人气奖啦🏆🌹
#云村人气王ARMY##投票辛苦了ARMY# ​",Sun Jan 06 21:30:24 +0800 2019,7277,34814
头条新闻,北京,f,59601935,【#仙女寝室覆灭记#后续：当事人已写检讨，或将面临校级处分】1月5日，江西师范大学几名研究生打造“仙女寝室”的视频引起@中国消防 @江西消防 @南昌市消防支队 的关注。消防蜀黍说：没有隐患？学生宿舍属于人员密集场所，不得随意乱接电线，擅自增加用电设备。随后该宿舍装饰被拆除。据中青网消息，6 ​,Sun Jan 06 23:59:03 +0800 2019,5664,6580
陈坤,重庆,m,93390497,"“这就是生命的轮回，有人来，有人去。”
#山下学堂#
2018新人班毕业大戏《冬天的葬礼》一共5场，今天圆满落幕
感谢戏剧
让年轻的你们绽放
在未来 ​",Sun Jan 06 19:59:02 +0800 2019,4024,19554
衣锦夜行的燕公子,其他,m,4385957,"张艺兴为啥要去吐槽大会，感觉他很痛苦，是那种逼自己面对的痛苦，就像恐高症患者硬要过透明玻璃栈桥，恐水症患者强迫自己游泳。
我在新西兰蹦极地方挣扎很久，终于想通，人生也不一定要事事都勇敢面对，做一个鹌鹑也可以的。 ​",Mon Jan 07 01:11:18 +0800 2019,2527,3854
北京人不知道的北京事儿,北京 西城区,m,6100587,英国版王思聪？身价近千亿，英国女王都住他家的地，家族企业遍布全世界，还是乔治小王子的教父，热心公益和慈善。。。他就是第七代威斯敏斯特公爵Hugh Grosvenor，感受一下这位英国贵族。（by胡椒视频）http://t.cn/EGxj1CD ​​​,Sun Jan 06 18:58:40 +0800 2019,1460,8022
不吃菜XBS,其他,f,140102,"#为什么小公爷不是男主#别问为什么了，人家男女主官配天生一对锁死了用别人瞎操心吗。小公爷给我哭，给我签婚书，给我“要风得风”，给我升官发财。 

对于齐衡这个人物，朱一龙是有自洽的表演逻辑的。他不是一个刻意悲情的角色，他本应是追求美好爱情的美好年轻人，但恰恰成为那个时代枷锁的受害者。 ​",Sun Jan 06 20:36:54 +0800 2019,2855,21128
沈梦辰,湖南 长沙,f,6536625,西安人民太幸福了！！此刻我已经神魂颠倒了…[馋嘴] ​,Mon Jan 07 10:26:38 +0800 2019,712,10168
绯丨aa2116,其他,f,8936,"2018年《人物》杂志的年度人物之一杨超越
这本国家级权威杂志，创刊数十年头次封面人物全选用女性，这不仅仅是对杨超越自身所展露的品质与身肩的关注的肯定，更是对我国女性对社会推动所作出的贡献的肯定。
http://t.cn/EG0IRVs ​",Mon Jan 07 10:46:16 +0800 2019,9721,12906
扒圈小猪,海外,f,2467600,#张艺兴表情管理#被张艺兴的表情可爱到[笑哈哈] ​,Sun Jan 06 21:17:53 +0800 2019,1622,26523
芒果娱乐,北京 朝阳区,f,2695746,"朱一龙专访：#朱一龙[超话]# 《新闻当事人》采访第一部分：破冰者，宝藏男孩朱一龙。
谈跨年演唱歌曲《男孩》
@朱一龙 ：有些紧张，唱歌其实是对我有难度的，毕竟没有经历过专业的训练。
谈《知否知否应是绿肥红瘦》齐衡小公爷：
A：很孝顺父母、知礼数的一个角色。齐衡看似是很完美的角色，但他其实是 ​",Sun Jan 06 18:13:47 +0800 2019,5405,17445
少女大师姊,其他,f,182758,"看到这个求助脑袋里嗡的一下
一个是不敢相信大环境已经糟糕到这种程度
另一个是为这位年轻女孩的健康忧心如焚！随着时间的推移，引产手术的风险也会越来越大
希望能有熟悉当地情况的朋友帮她们指条明路[泪][泪][泪]

＝＝＝＝＝

当事人更新：见图2。我当时向投稿人询问坐标和具体信息，是为了向熟悉当 ​",Sun Jan 06 20:55:44 +0800 2019,3743,1306
Rookie_人气榜,上海,m,109166,TC Candler#亚太区最帅100张面孔#  第一批提名名单（按提名顺序）：蔡徐坤、鹿晗、Justin黄明昊、朱正廷、木子洋、毕雯珺、卜凡、王源、范丞丞、灵超、易烊千玺、林彦俊、王嘉尔、吴亦凡、张艺兴、王一博、吴世勋、陈立农、秦奋、炎亚纶，你为谁的颜值打Call？http://t.cn/EG9XXv1 ​,Sun Jan 06 21:29:41 +0800 2019,37378,161
袁立,其他,f,15044046,管理一个公益机构好难啊！里面最难的是人的心。 ​,Sun Jan 06 22:43:39 +0800 2019,546,2714
娱乐星扒客,北京 朝阳区,f,2609012,"#李诞对张艺兴的吐槽好狠#
艺兴：能麻烦摄像老师多拍我几个笑吗？怕一会儿笑不出来真的[笑cry][笑cry][笑cry]#张艺兴表情管理# ​",Sun Jan 06 22:31:04 +0800 2019,1045,12704
谢璟宸,北京 东城区,m,21056,"北宋 真珠舍利宝幢（复制件）
百微镜头拍的感觉很棒哦～
#遇见艺术# ​",Sun Jan 06 18:21:21 +0800 2019,242,2615
新浪新闻,北京,m,14190407,#仙女寝室当事人将面临处分#【仙女寝室覆灭记后续：当事人已写检讨，或将面临校级处分】近日，一则“研究生花费近万元打造‘仙女寝室’”的内容引发网友热议。涉事宿舍因存在“隐患”问题先后遭到“中国消防”、“江西消防”等官微的关注并将宿舍隐患整改。6日上午有学生反映当事学生已写检讨，或将面 ​,Sun Jan 06 22:40:00 +0800 2019,2292,3773
中国消防,北京,m,2780650,江西师范大学关于#仙女寝室当事人将面临处分#的声明：并未对学生进行校纪处分。对事不对人，加强安全教育和管理，进一步做好学校的安全工作。赞！[good] ​,Mon Jan 07 12:07:48 +0800 2019,1458,7503
星野,海外 其他,m,3558695,幸福到转圈圈 http://t.cn/EG9ZQY7 ​,Sun Jan 06 20:28:16 +0800 2019,1444,14322
栗子超可爱耶,其他,f,4434130,"直接赞 !!!
揪一位小可爱送雅诗兰黛·dw粉底液
一定要关.注我！明天就开[小仙女] ​​​",Sun Jan 06 22:01:55 +0800 2019,907,17450
思想聚焦,广东 广州,m,27877233,"什么才是真正的情商？[赞]

自己属于内向型的人，在更年轻时候的很长一段时间甚至被周边人认为是一个低情商的人，因为我比较腼腆，更喜欢独处，待人待事不够圆滑，喜怒哀乐常常显现在脸上，不喜欢广交朋友。。。

曾经一度想要改变自己的性格，让自己变得更为外向，但却又觉得违心，所以常常陷入矛盾两 ​",Mon Jan 07 08:03:03 +0800 2019,434,6730
八组兔区爆料,北京 东城区,m,3212231,袁巴元刚刚点赞的微博是几个意思？[吃瓜][吃瓜] ​,Mon Jan 07 00:25:20 +0800 2019,1629,8134
锦鲤大王,福建 福州,m,17943628,"晚安周日，晚安小锦鲤们。
愿望交给锦鲤们，你只管努力就行，握鳍。**。Ｏ。ｏ〇。〇Ｏｏ。*Ｏｏ。* 。*Ｏｏ。* 。*Ｏｏ。* ​​​​*Ｏｏ。* 。*Ｏ。*Ｏｏ http://t.cn/EG9WOA4 ​",Sun Jan 06 21:30:07 +0800 2019,3031,6439
美术志-李金泽,湖南 长沙,m,3633,#艺术升崩溃#平心而论，希望给所有艺考生一个交代[吃瓜] ​,Sun Jan 06 17:22:07 +0800 2019,2919,18605
邢昭林,北京 朝阳区,m,14553477,有点紧张，但总算是开口唱了[doge]  ​,Sun Jan 06 21:52:05 +0800 2019,23309,63035
肆月山河,北京,f,113471,"-
一日两箸三餐 
四季五味流转

20190106 锋味西安路透  白宇高清1P ​",Mon Jan 07 00:10:38 +0800 2019,1574,6275
林小宅-,广东,f,8510781,最近🐟🐟🐟 ​,Sun Jan 06 22:42:03 +0800 2019,3885,12971
旧情甚堪,陕西,m,1222057,"人生总是这样，错过了就再也回不来了。
1

一对情侣，相爱了七年女孩想结婚，可男孩还没玩够，两个人为此争吵不断，终于分手。分手之后，男孩才发现自己无比想念女孩，每天的日子都无法忍受，于是他买了最漂亮的戒指，摆了一地的鲜花，跪在女孩下班的路上，向她求婚，好多人都停下来，等待着一场好戏， ​",Sun Jan 06 18:10:25 +0800 2019,584,7154
花灼泰,海外 其他,f,3130,#宋茜[超话]# 直拍！绝美宋茜[舔屏]跳舞的时候简直让人移不开眼睛[心]本人脸超小，身材超好！[羞嗒嗒][羞嗒嗒][羞嗒嗒] http://t.cn/EGCCBv8 ​,Sun Jan 06 23:17:38 +0800 2019,3727,7571
宋轶xiaoyiyi,北京,f,4023263,#2018阅文超级IP风云盛典# [给你小心心] ​,Sun Jan 06 18:15:06 +0800 2019,1909,10378
大连海关12360服务热线,辽宁,m,2117,对前期网络出现的反映我关关员管兆津生活作风问题的有关情况，大连海关立即对当事人停职并开展调查。在履行对管兆津的党纪、政纪处分和组织处理过程中，又收到反映“管兆津包庇协助走私、贪污受贿”等新的问题线索和网络反映，大连海关高度关注，已决定按照纪检监察工作程序要求将上述问题线索予以合并 ​,Sun Jan 06 20:15:15 +0800 2019,2761,3866
每日微博搞笑精选,北京,f,9958453,刚做好的火锅和米饭，还没来得及拍照炫耀呢，突然掉下来一大块墙皮……天降正义[允悲] ​#什么菜才是真正的米饭杀手# ​,Mon Jan 07 08:40:26 +0800 2019,1477,7434
片寄凉太RyotaKatayose,海外 日本,m,1111768,"谢谢你们的支持🦁✨ 
It's my energy...🔥🔥 ​",Mon Jan 07 14:54:12 +0800 2019,2098,8765
反裤衩阵地,北京 朝阳区,m,2042515,其实实现不了财务自由、能实现时间自由也是好的。尤其中年以后，只要家里老人随便生个病，你就知道不用打卡坐班是多么值得感恩的事。 ​,Mon Jan 07 09:11:08 +0800 2019,229,1401
文怡,北京 东城区,f,5724139,"每一个周末，我俩都在带孩子，他带大的出去，我带小的在家，我带大的出去，他带小的在家。大小两只都在家，就一起看着。

我俩现在所谓的属于“自己的时间”完全没有。周一到周五也是进家门接过孩子，就到第二天早晨了。

我跟老公科普过，陪伴孩子的时间，就是现阶段的属于自己的时间，所以得好好珍惜 ​",Mon Jan 07 08:42:32 +0800 2019,294,869
娱乐日爆社,北京,m,5697398,#石原里美戴啥都好看##石原里美[超话]#试戴贝雷帽的片段也太好看了吧，各种颜色都能hold住，这什么神仙颜值[色][色]话说戴啥都好看的人也太费钱了[允悲]你种草哪个颜色的帽子？！#美女戴贝雷帽 我戴贝雷帽# http://t.cn/EG97f8t ​,Sun Jan 06 20:21:41 +0800 2019,867,6778
安徽反邪教,安徽,f,327897,#打开体检报告所需要的勇气#【2019，别拿身体不当回事！速转#体检报告阅读指南#[围观]】#打开体检报告所需要的勇气#[吃惊][吃惊]你会看体检报告吗？新的一年，做各项计划的时候，千万别忽视了健康。每次体检后，拿到报告单总一脸茫然？尿酮体、胆固醇、甘油三酯…这些指标都是什么意思？出现升高或降低 ​,Sun Jan 06 19:30:40 +0800 2019,185,2755
游识猷,福建 厦门,f,3106449,"写了一篇非常非常长的文章《穷养与富养：为什么现在养个孩子那么难？》。

自己总结个太长不看版——

1️⃣ 家长认为“育儿责任”包括哪些？

富养：认为家长的首要职责，是确保孩子的天赋得到发展。

穷养：认为家长的首要职责，是给孩子提供物质照顾和精神抚慰。

2️⃣ 孩子的课余时间怎么安排？

 ​",Mon Jan 07 11:13:07 +0800 2019,391,1061
故心电影,海外 美国,m,6215868,#张艺兴表情管理##李诞对张艺兴的吐槽好狠##李诞吐槽张艺兴太狠#《吐槽大会》上@李诞 吐槽张艺兴@努力努力再努力x 的人设、小绵羊的眼神实在太可怜了，张艺兴你要记住你已经是一个成熟的小羊了，怼回去！[爱你] http://t.cn/EG9XCzD ​,Sun Jan 06 21:11:23 +0800 2019,1569,8161
最神奇的视频,海外 美国,m,11850442,【2019年个人所得税怎么算？多发一块会少得千元吗？李永乐老师讲年终奖盲区】点开看看吧！这个视频与你切身相关！ http://t.cn/EGpj4ZU ​,Mon Jan 07 09:17:27 +0800 2019,232,1745
刀兄,广东,m,1606107,看图：阿里系和腾讯系到底有多强大！ ​,Sun Jan 06 17:36:16 +0800 2019,669,3873
潘粤明,北京 朝阳区,m,5815791,谢谢大家！谢谢长沙！我们腻牛见[心] ​,Sun Jan 06 23:02:26 +0800 2019,3624,9621
林俊杰,台湾 台北市,m,48320223,要給世界最悠長濕吻的 @蔡健雅 也能進階成功嗎？#林俊杰进阶绕口令# #林俊杰进阶# http://t.cn/EGKkDsD ​,Sun Jan 06 20:07:41 +0800 2019,3264,23927
大连老湿王博文,广东,m,2907478,十号更新骑骆驼视频！想看的点个赞！ ​,Mon Jan 07 14:13:43 +0800 2019,240,5962
麥玲玲,香港,f,12786752,附上年底大掃除吉日吉时（图一）。若去年是运气好的朋友，应该從门口掃入屋内，留住旺气；若然去年运气不理想，由屋里面掃往屋外，再以柚子葉煲水，抹抹家中每个角落，去除晦气；除了清除雜物，同时亦可扔掉一些传统上認为是藏穢气或不吉利物品，如门垫，舊鞋，藥物等，令新一年气运更好，健康更佳。 ​,Sun Jan 06 23:06:39 +0800 2019,245,1084
会火,其他,m,5660672,#会火娱乐快报# 【#林永健点赞吴珊卓获奖# 】第76届#金球奖# ，吴珊卓凭《杀死伊芙》获得剧情类剧集最佳女主角！成为第一个获金球奖剧情类视后的亚裔。随后，林永健点赞了吴珊卓相关获奖消息。据悉，早前两人因容貌相像引起热议。[哈哈] ​,Mon Jan 07 12:15:04 +0800 2019,1052,6308
许凯soso,广东,m,3609231,分享图片 ​,Sun Jan 06 20:34:49 +0800 2019,3129,11842
法图麦的妈妈,北京,f,3100438,早安 ​,Mon Jan 07 07:02:49 +0800 2019,686,1780
韩国me2day,海外,m,20234910,"【#第33届金唱片#】#金钟铉[超话]# 摘得<第33届金唱片>唱片部门本赏!!领奖的#SHINee[超话]# 成员#崔珉豪[超话]# #泰民[超话]# 发表获奖感言~

珉豪表示""首先,能给予钟铉哥这样好的奖项非常感谢,代替钟铉哥向一如既往的应援和支持着的粉丝SHINee World表示感谢"".

泰民表示""希望各位可以一直记得那个到 ​",Sun Jan 06 18:11:56 +0800 2019,929,12958
耳帝,其他,m,13295158,徐佳莹直播弹唱艾怡良的《Forever Young》，徐佳莹说这是她2018年最爱的歌，艾怡良的婉转隽永，徐佳莹的温柔缱绻，同一首歌被赋予着不同的气质与味道，同样好听…http://t.cn/EGCJaVW ​,Sun Jan 06 22:57:10 +0800 2019,512,4548
财宝宝,海外,m,1389654,"四十不惑。
        回顾过去四十多年，我只有一个感觉，人生是由无数个偶然构成的，努力不能改变命运，只要一个意外发生，你不一定能够过上平庸的生活。我所有的努力，都没有在最后取得成绩，过程特别痛苦。而我所获得的一切，基本都是意外收获。
        我是学霸，top1，但我没有评上副高。
        ​",Mon Jan 07 00:57:51 +0800 2019,314,1268
一支上上签,海外 印尼,f,6950111,你最期待的好结果，正在向你发射 ​,Mon Jan 07 11:08:42 +0800 2019,1258,5543
鸡毛蒜皮与鸡毛蒜皮,北京,f,3851767,……画了一个正脸，画出了整容失败的效果、叫天地不灵、我要疯[抓狂][抓狂][抓狂] ，唯有一睡解千愁。 ​,Sun Jan 06 16:40:15 +0800 2019,438,2540
王力宏,台湾 台北市,m,62974624,新加坡昨晚的演出和今天的早餐都萃取了灵魂的养分。中间图是我小时候的小提琴老师，Lim Soon-lee.  教了我不只是小提琴，更是如何爱上音乐，如何进入音乐的美好世界。当年我才九岁... 2019年，师徒关系升华到知音了。🎵❤️🐲#王力宏龙的传人2060# ​,Sun Jan 06 21:09:12 +0800 2019,5189,7893
豆瓣说,广东,m,7236812,哪本小说最能让你念念不忘废寝忘食彻底入迷的读完它呢？ ​,Sun Jan 06 22:02:00 +0800 2019,1560,3837
搞笑大妹子,四川,f,952863,这是什么跨越一切的爱情，渴望这样的爱情哟 【搞笑】 ​,Sun Jan 06 17:43:25 +0800 2019,990,7499
Fancystyle,广东 广州,f,3530021,重新开始鸭。我在这里呢～ http://t.cn/EG9GOKr ​,Sun Jan 06 20:46:54 +0800 2019,11816,2501
我家的小蛮,北京 朝阳区,f,1948311,这组是手机拍的[兔子] ​,Mon Jan 07 10:23:36 +0800 2019,0,3273
太皇太后您有喜啦,陕西 西安,m,4538642,投稿：当朋友跟我说爱情时 #当朋友跟我说爱情时#http://t.cn/EGCHx8U ​,Sun Jan 06 23:38:26 +0800 2019,2125,3460
全是壁纸啊,北京,f,2792699,"赞里安排一个姐妹拥有这支姜饼人唇釉🧚🏻‍♀️
明天就开!!!记得点个关·注[好喜欢][好喜欢] ​",Sun Jan 06 21:00:25 +0800 2019,865,17585
天津股侠,天津,m,5625303,早间看盘：1月7日，晴天。周末消息面传来三大利好消息，国内主要有央行全面实施降准超预期释放流动性，基建投资加码的信号已经非常明确，美联储主席鲍威尔一改上次对市场的“冷漠”，变得有些“鸽派”，欧洲美股大幅反弹。新年伊始，面对国内经济步步下滑，PMI跌破荣枯线后，国内开始实施放松货币政策 ​,Mon Jan 07 07:59:33 +0800 2019,158,1965
超级育儿,上海,f,1382753,外网友总结了19个父母带孩子的小技巧，这么实用又喜感的建议也是够了。 ​,Sun Jan 06 16:30:10 +0800 2019,301,4301
郭斯特,其他,m,15311397,不要再嘲笑胖虎了，我们虎子长牙牙了！ http://t.cn/EGKFhiJ ​,Sun Jan 06 20:07:56 +0800 2019,1097,8324
HeyWarWars,海外,m,2572379,"每人来一个英文歌名的土味翻译[doge]我先：

Back To December——回到腊月 ​",Sun Jan 06 23:24:32 +0800 2019,4297,5186
Happy张江,上海,f,12626989,天呐！！！信息量实在太大，一时让人有点难以消化，无论怎样孩子是无辜的，请不要再耽误他了，真心希望家长尽快联系到孩子或本po主，我们会持续关注~http://t.cn/EGxj4zD ​,Sun Jan 06 17:42:02 +0800 2019,331,418
苍井空,海外 日本,f,19041194,朋友一起去吃汉堡牛排[太开心]胖了很多[哈哈]没办法 ​,Sun Jan 06 20:30:42 +0800 2019,994,4700
冠佑Ming,台湾,m,493381,6佰多個日子的人生無限公司巡演，曾經唱過丶哭過丶笑過的同事們，你和妳的人生正要無限展開，手指上鼓棒的痕跡或許會漸漸消失，但你們一直都在，謝謝任性的你們，下次見！～ｍ ​,Mon Jan 07 01:40:14 +0800 2019,1292,7339
小人书赵刚,北京 海淀区,m,20869,电影《空城计》李宗义饰演诸葛亮《我正在城楼观山景》 http://t.cn/EG0TF4d ​,Mon Jan 07 11:30:29 +0800 2019,60,197
吕归尘的喉结,海外,f,45339,"#刘昊然[超话]#-#刘昊然用的什么香水# 刘昊然教你如何正确喷香水
@刘昊然turbo http://t.cn/EG0ZH7C ​",Mon Jan 07 10:18:05 +0800 2019,663,6352
北京青年报,北京 朝阳区,m,10202637,"【最新消息！虎坊桥#京天红炸糕留下了# ！】虎坊桥京天红炸糕将留在原址！1月6日17时许，京天红老板韩美俊向北青报记者确认，经和出租房方面协商，工人俱乐部装修完毕后，京天红炸糕可留在原址经营。
“主要还是想把老口味留在原址，这几天京天红炸糕引爆这么多人排队的事，西城区相关部门也很重视，今 ​",Sun Jan 06 18:32:43 +0800 2019,661,820
阿杰729,北京 海淀区,m,2818680,因为晚上要上台所以就没吃晚饭，过程中竟也不觉得饿，直到快结束的时候罐罐说有点儿饿了，这才也提醒了我的胃[笑cry]嗯，要去补充点儿了，吃的就不发图了。发点今天现场的照片吧～大家晚安[可爱] ​,Sun Jan 06 23:55:46 +0800 2019,1304,12653
杨文昊Viho,北京 东城区,m,2463614,排练厅小片段[米奇比心] http://t.cn/EGKYoMe ​,Sun Jan 06 19:26:12 +0800 2019,9303,10830
朱星杰J_zen,重庆,m,3661023,"谢谢你们[Aloha]
新的一年，期待一下。 ​",Sun Jan 06 23:00:26 +0800 2019,11962,54776
季冠霖,北京 东城区,f,358783,今天最大的惊喜，现在还在心跳[愛你][愛你][愛你]真老公拍的和你们的“老公“，谢谢@胡歌 ，美好的夜晚[可愛]  ​,Sun Jan 06 22:53:44 +0800 2019,797,9649
电影廉政风云,北京,m,1836,【#大年初一廉政风云#发布“打虎行动”版预告】腐败阴谋显得愈发扑朔迷离。出逃与卧底 ，神秘的“大老虎”究竟想要什么？@张家辉 正邪难辨，@刘青云 重拳反腐举步维艰，他们的命运将何去何从？春节档最关乎人民利益的反腐巨制即将来袭，惊天大案，你准备好了吗？http://t.cn/EG9Ivo1 ​,Sun Jan 06 21:08:47 +0800 2019,364,2426
说吧文涛,香港 其他,m,781185,【圆桌时光派】文涛与@陈晓卿、@蒋方舟、@马家辉在香港 聊“时光”，第一集1月7日凌晨零点（今晚24点）优酷会员抢先看，1月8日凌晨零点所有网友都能看；第二集1月10日凌晨零点优酷会员抢先看，1月11日凌晨零点所有网友都能看。敬请期待[可爱]#窦文涛圆桌派# ​,Sun Jan 06 23:25:42 +0800 2019,0,2006
内涵大婊哥,四川,m,9017621,#打开体检报告所需要的勇气#医院可能是最能检验人性的地方！网友的评论真的太真实了[伤心] ​,Sun Jan 06 19:33:53 +0800 2019,2144,5343
炎亞綸_AaronYan,台湾 台北市,m,18572494,"#炎亚纶[超话]# 嘿～各位，我們在回酒店路上囉，天氣冷快點回家。
辛苦啦[心][心][心][心][心][心][米奇比心][米奇比心][米奇比心][米奇比心][米奇比心][米奇比心]

愛你們🥰 ​",Sun Jan 06 21:53:44 +0800 2019,6752,17104
堂妈小厨,山东 青岛,f,2110397,听说盒马鲜生落户大拇指广场，离金狮也不远，赶紧来打个卡，活的波士顿龙虾89一只，大闸蟹12.8一只，交点加工费就可以在就餐区大快朵颐。不过刚开业人太多了，乌泱乌泱的很嘈杂，购物的体验就差很多。我们仓促吃完买了些牛奶水果就回家了，希望青岛多开几家盒马的连锁店吧，可以为市民带来更多的实惠！ ​,Sun Jan 06 16:04:23 +0800 2019,699,2598
余承东,广东 广州,m,6864824,今天华为正式发布由我们自主研发的，目前业界最高性能ARM-based处理器——鲲鹏920（Kunpeng 920），创造计算性能新纪录！今天同步推出的还有基于鲲鹏920的TaiShan服务器和华为云服务，华为将从硬件、基础软件和应用三个层面发力，积极构建开放、合作、共赢的ARM生态环境！[作揖][作揖] ​,Mon Jan 07 12:43:36 +0800 2019,418,1674
张新成,北京,m,3472489,"一切都会消逝
一切又都会卷土重来
得失心太强
会累
不如静下心来想想
what makes you so special ​",Sun Jan 06 20:19:02 +0800 2019,2391,16437
艺考直通车,广东 广州,f,40048,【#艺术升垄断报考#？学生狂吐槽】有学生称，“艺术升”垄断了艺术生十几所院校的报考通道，但其用户体验却非常不好，在今天的报名中，艺术升崩溃了，学生无法报名，致使#70万艺考生丧失报名资格#？学生称，艺术升的vip卡，单价598元，但体验也非常不好。你怎么看？你报名成功了吗？[思考] ​,Sun Jan 06 20:17:47 +0800 2019,1472,8477
伊能靜,台湾 台北市,f,17816003,"看到有妈妈说点开我的微博，太多孩子的消息，实在没办法承受，取关了。

米粒妈特别能理解，每一次在鬼门关前抢孩子，晚上也常常难受的睡不着。

米粒一点点小毛病，我就心疼极了，将心比心，这是再难承受，也没有停止希望能救一个是一个的决心。

世间为什么有亲情这么美好的关系，又为什么有亲情这么 ​",Sun Jan 06 20:27:06 +0800 2019,1270,2275
龚凯杰,上海,m,1833446,马云，了不起的人物[good] ​,Sun Jan 06 16:01:41 +0800 2019,115,2409
芒果捞小萌主,海外,m,1785120,"#知否预告# 赵丽颖、朱一龙《知否知否应是绿肥红瘦》知否21、22预告：郡主没有给齐衡提亲，是让小公爷认盛家的妹妹为嫡妹妹？[拜拜]
祖母让明兰认小公爷做嫡哥哥
明兰：兄长在上请受小妹礼拜，小公爷心里不是滋味[泪]
知否19、20 http://t.cn/EG9dpA8 ​",Sun Jan 06 21:58:54 +0800 2019,1882,6755
艺股,广东,m,499146,好戏才刚开始，坚定持有翻倍不是梦，口号喊起来[给力][给力][给力] ​,Mon Jan 07 10:54:31 +0800 2019,97,770
布尔费墨,上海 徐汇区,m,340336,"1、丁克的老年人，很有可能会出现生活没有希望，丧失精神寄托的情况。

2、丁克老年人的储蓄，要面临法币滥发引发的通货膨胀的巨大风险。

3、而且对于一个女性来说，选择丁克生活的风险，要大于一个男性这样做的风险。 http://t.cn/EGpbZ1T ​",Mon Jan 07 08:00:02 +0800 2019,480,498
圈内大神,上海 黄浦区,f,5523447,不得不说#石原里美戴贝雷帽也太好看了#！回顾女星打扮，贝雷帽真的是女星最爱帽子没有之一，当然#美女戴贝雷帽 我戴贝雷帽# ​的区别可能就出在脸上[允悲] ​,Sun Jan 06 16:44:58 +0800 2019,1626,6162
Hey-look-here,海外,f,1723038,五官中最满意的是哪部分 请晒一下 ​,Mon Jan 07 12:46:09 +0800 2019,4928,853
LAMJI_海龙包,北京 东城区,f,5148,"#朱一龙[超话]# [爱你]#朱一龙2019相伴相守# 
新闻当事人专访官方完整版本。朱一龙真的很好，每次看专访都是一种享受，感觉整个人都要跟着沉静升华的感觉。就真的特别喜欢看他的专访，我是专访入坑的[加油][加油][加油]有一起的吗？？
@朱一龙 http://t.cn/EG9SI5z ​",Sun Jan 06 21:14:31 +0800 2019,1060,4090
德卡先生的信箱,其他,m,13389358,“这个世界很棒，你想要的，它全都有。” ​,Sun Jan 06 23:10:47 +0800 2019,690,9278
再別話,海外 法国,m,33867,#朱一龙[超话]# 凭什么只有他像个笑话。 ​,Sun Jan 06 22:09:52 +0800 2019,2747,5366
冯绍峰,北京,m,23163962,本瞎已退团，二叔准备去营业搞事业了[酷] ​,Mon Jan 07 14:37:33 +0800 2019,3714,14779
happy热哥,浙江 杭州,m,1051360,最反感这种狗仗人势，还有这些明星什么玩意，好像商场是你们家开的，太特么把自己当回事，考虑过正常逛街的人没有？竟然那么怕死，就别出来，回家先学会如何做人先[鄙视]http://t.cn/EGOzAgj ​,Mon Jan 07 12:14:49 +0800 2019,578,239
李大霄,广东 深圳,m,4676956,中国股市底部已经到来 http://t.cn/EGOhXFq ​,Mon Jan 07 12:11:16 +0800 2019,356,193
喵星人的喵星球,北京 东城区,f,8986672,妈，顺毛顺错地方啦！ ​,Sun Jan 06 20:23:31 +0800 2019,639,3556
神奇动物小只猪,广东,m,1411049,"我真的被这波操作笑死了，复联各位主创亲自演示，什么叫实力尬吹彩虹屁！

当小朋友们画的漫威形象实在是看不出来是啥，为了不打击小朋友们，那也要强行夸起来[笑cry] ​",Sun Jan 06 18:43:22 +0800 2019,598,6752
读史知天下,河南,m,490133,#读史知天下[超话]# 狼牙山五壮士跳崖后，追踪五壮士的日军小队长被深深震撼，他叫茅田幸助，他命令士兵对天开枪，打光全部子弹，摘下军帽，深深鞠躬。但这一幕被人举报了。茅田幸助被撤职押回国内受审。军事法庭判其终身监禁。茅田幸助被终身流放到一座荒岛上，只给了他半年粮食和一把佩刀。茅田幸助 ​,Sun Jan 06 19:21:25 +0800 2019,657,1061
番新追,海外 日本,f,944577,《3年A班 -现在开始，全员人质-》中日双语01回：http://t.cn/EGN00zi [菅田将晖/永野芽郁/片寄凉太/川荣李奈/上白石萌歌/萩原利久/今田美樱/福原遥/神尾枫珠/铃木仁/望月步/堀田真由/富田望生/佐久本宝/古川毅/若林时英/森七菜/秋田汐梨/今井悠贵/箭内梦菜/新条由芽/日比美思/三船海斗/横田真悠/大原优 ​,Mon Jan 07 05:17:55 +0800 2019,551,3128
CLQDTMSTS,其他,m,278884,今年都给我笑！ ​,Sun Jan 06 20:59:38 +0800 2019,9694,13248
林三劫,辽宁 沈阳,m,735403,"#2018年度渣男#
1-9级渣男等级对照表，你身边有这种渣男吗？ ​",Sun Jan 06 16:46:31 +0800 2019,1214,4283
YouTube精选,海外 其他,m,14715688,【2018外网萌狗盘点】感谢狗狗给我们带来的快乐和温暖啊~[米奇比心](bgm：The Brazen Youth  YTB: WeRateDogs) http://t.cn/EG9PMGX ​,Sun Jan 06 20:16:31 +0800 2019,409,1989
袁立,其他,f,15044046,认真如我 ​,Mon Jan 07 07:41:09 +0800 2019,192,2070
英国那些事儿,海外 英国,m,8681155,猎鹰9号发射时的长曝光照片。火箭的路径和水中的倒影，仿佛把空间分割了一般......cr:johnkphotos ​,Sun Jan 06 18:53:52 +0800 2019,162,4500
大锅只是喝醉,广东,m,6989165,竟然轮流偷看阿强洗澡[并不简单] ​,Mon Jan 07 11:17:59 +0800 2019,1066,3678
带带大师兄,四川,m,1193506,@黑猫警长Giao哥 认识新朋友很开心，还拍了视频[坏笑] ​,Sun Jan 06 17:26:52 +0800 2019,5884,9988
波杰克马克,海外 美国,m,2874903,#初恋邀请你参加婚礼#发现结婚对象你现任的妈妈..... ​,Sun Jan 06 21:33:47 +0800 2019,2886,8665
孙e兴的bot,海外 俄罗斯,m,228478,"今晚最后一条说说兴兴卖惨这件事。
其实洗白大会的老观众都知道，这节目就是吐槽着开玩笑的。
兴兴的承受能力太差了，一直尴尬难受的表情看的我都浑身不舒服。实在是太玻璃心了。

其实兴兴根本没有到全网黑的程度。
我们大家一没辱骂他，二没编料跟风黑。
我从兴兴粉丝那里搬运综艺视频采访视频，发兴 ​",Sun Jan 06 22:00:23 +0800 2019,4330,9540
一个有点理想的记者,北京,m,2530397,全国所有城市的监管部门都必须动起来，去严打坑害老百姓的骗子神药，把那些传销骗子组织者都抓起来，依法严惩！哪个市不动，这个市长就不称职，就不是真正为老百姓谋福祉的市长，就是人民的敌人！ ​,Mon Jan 07 11:34:47 +0800 2019,121,534
祝羽捷,海外,f,606848,"两个人的感情真的就是两个人的事情。拿出来晒和拿出来撕，都挺没意思的。爱情就像是两个人发现了一瓶蜂蜜，拿勺子你一口我一口偷偷吃，根本不想去跟别人解释有多么甜蜜。若感情真到了尽头，又何必拿出最不堪的一面示人，像是在展示呕吐物，其实没有人真的同情都是在看笑话罢了。
#张雨绮回应# ​",Sun Jan 06 22:31:27 +0800 2019,350,2902
江小爬LOVE,浙江 绍兴,f,5889180,[太阳] ​,Mon Jan 07 13:21:25 +0800 2019,232,4361
新剧不能停,北京 东城区,m,6949465,"知否预告 #赵丽颖[超话]# #朱一龙[超话]# 【《#电视剧知否知否应是绿肥红瘦# 》第21-22集抢先看！——小公爷让母亲去提亲   母亲却让小公爷认明兰做亲妹妹！明兰含笑拜齐衡：“兄长在上，请受小妹礼拜！”】
我们纯真的小公爷啊，这下被彻底断了念想，要提亲的六姑娘成了亲妹妹！
小公爷满心欢喜等着母 ​",Sun Jan 06 22:04:36 +0800 2019,1455,3101
马未都,北京,m,2340544,我在观复嘟嘟里讲过保罗-盖帝，我最后说如果到美国洛杉矶的话，一定抽出半天时间去一下山顶上的盖帝博物馆，美不胜收，人生难得的艺术享受。我录观复嘟嘟时全凭记忆，但这次又去发现两个记忆错误，一是保罗～盖帝的雕像是头像不是全身像，二是盖帝博物馆里还是有很小数量的中国外销瓷。在这里向各位致 ​,Mon Jan 07 06:04:44 +0800 2019,340,1310
鲮鲤少女,上海 黄浦区,f,6864705,"15句戳心的网易云音乐热评 [伤心]

1.你永远不知道那些一见你就会笑的人有多喜欢你

                     ——《close your eyes 》

2.曾经有个人说要保护我，可后来的大风大浪都是他给的。
                    
                        ——《遥不可及的你》

3.“爱你的人和你爱的人你选那个？” ​",Sun Jan 06 19:01:40 +0800 2019,208,4483
一条,上海 黄浦区,m,9764306,【#全中国吃过最多水果的男人#】1988年出生的杨晓洋，新加坡留学，曾是一名工程师。2013年，他不顾家人反对，辞职跑到山里做水果猎人，穿梭在雨林中猎寻水果，至今已去过大小几百个雨林，吃过600多种水果。每拿起一个水果，就能说出它的所属科目，简直是一本活的水果百科全书。http://t.cn/EGpb0t2 ​,Mon Jan 07 08:02:06 +0800 2019,333,2025
Elsa大姐姐,北京 东城区,f,2073147,"直接赞赞赞赞！！
揪一位幸运鹅 送这支Mac 316💄
一定要关.注我呀！明天开✨ ​​​",Sun Jan 06 21:02:03 +0800 2019,413,11269
吃瓜群众CJ,海外 美国,m,10498233,李诞应该是今晚吐槽大会上最狠的人了，把张艺兴的努力人设还有音乐成绩都吐槽了一遍，连“莲言莲语”都来了，这么拼吗！感觉张艺兴脸色都变了。[哆啦A梦吃惊] http://t.cn/EG9CKPU ​,Sun Jan 06 21:17:13 +0800 2019,1642,1856
刘春,北京,m,10245840,长者问我在干嘛，我说原来的买卖不行了，股票也赔个底儿掉，重新回媒体搬砖了。他瞪着牛大的眼睛吼道：叫你买房你不买，叫你买小户型的学区房你不买，你活该！然后，一仰脖子呵呵大笑起来。 ​,Sun Jan 06 21:07:56 +0800 2019,424,1124
EYESTORE,海外 其他,m,2967169,《Fudge》2019.1月号，街拍特集，巴黎&伦敦女孩的日常风格。 ​,Sun Jan 06 22:39:04 +0800 2019,115,2846
DC大叔,海外 美国,m,9339865,OMG！有人喊Timothée Chalamet “甜茶”，甜茶马上听出来了，马上回应 - http://t.cn/EGpmYag ​,Mon Jan 07 09:37:31 +0800 2019,508,3292
捡书博士,广东,m,1760588,"我媳妇问我，在我们感情遇到问题，吵架后，你想过离婚吗？
我说，想过。
我媳妇问，几次？
我说，每一次。
我媳妇问，为什么不直接去民政局离了？
我说，民政局附近没啥好吃的饭店。

我媳妇问，这都啥关系？
我说，你自己什么人，你心里没数吗？要是那里没有好吃的饭店，你能去？以前上班的时候，人事 ​",Sun Jan 06 22:01:03 +0800 2019,568,4348
星闻揭秘,海外 美国,f,5597355,"知否预告 知否21 22预告（网络版） 赵丽颖冯绍峰朱一龙知否知否应是绿肥红瘦预告 郡主没有给齐衡提亲，却让小公爷认盛家的妹妹为嫡妹妹[伤心]明兰和祖母离开汴京？小公爷前来道别【我一直都惦记你】~明兰落水戏来了，顾二爷救了明兰 心疼明兰啊[泪]
明兰：我明白小公爷的难处，大约是福分浅，小公爷不 ​",Sun Jan 06 21:09:16 +0800 2019,1601,7747
赵奶奶风水命理,广西 桂林,f,7167870,"今日大凶，犯太岁日诸事不宜 。
宜拆卸  扫舍 ；不宜安门  开业  开仓  出财  求财 🙏 ​​​​
肖鸡，肖牛，肖羊，肖猴，肖鼠，肖虎的人运势较为顺畅 。
转走祥瑞之兽， 镇宅  辟邪  挡煞     #祈福许愿# ​",Mon Jan 07 07:30:03 +0800 2019,277,1207
陈数,北京 朝阳区,f,7211190,#幕后之王# 郁海伦今晚上线，有没有人想来星天娱乐工作的，举手示意下，今晚在线看简历。[握手] ​,Mon Jan 07 11:34:51 +0800 2019,647,2250
韩国me2day,海外,m,20234911,"【YouTube】在昨日(6日)进行的<第33届金唱片>中#防弹少年团[超话]# #金泰亨[超话]#亲切的为缺少座位的nuestw搬来椅子,还不忘把椅子搬回原位.这么暖心的爱豆到哪里找啊,为金泰亨点赞~ http://t.cn/EG0rVP7 ​",Mon Jan 07 11:51:11 +0800 2019,841,8404
kanahoooo,其他,f,3742864,"虽然我自己算半个不婚主义，但还是挺羡慕那些25岁之前不因为任何外界原因，自主选择这么早就结婚的朋友的。因为我认识多数朋友或者同学25岁前就结婚的原因大概率是女方怀了宝宝。也不是说「怀孕才结婚」这么无可奈何，怀孕是意外，安定下来的心已经有了，就这么顺水推舟的走入了婚姻。
但是25岁前自主 ​",Sun Jan 06 20:39:19 +0800 2019,1217,4245
丁一晨DYC,北京,f,7814800,"#猪年限定#小姐姐头像第二波！
用上了记得给老妹儿来个转花呀！
头像是给大家用的福利，
是给喜欢我们的人的福利。
不是不是让小X书和X音、营xiāo号什么玩意的
赚取流liàng和广gào的。
盗版更是给我退散退散退散！
#丁小点漫画[超话]# ​",Mon Jan 07 08:48:26 +0800 2019,361,3308
黄致列HCY,海外 韩国,m,5078565,穿很多衣服吧? ​,Mon Jan 07 11:11:52 +0800 2019,3828,3895
搜达足球,北京 海淀区,m,5274207,"【2019年，《足球俱乐部》正式休刊[悲伤]】
我们关于足球的记忆，都始于一个星光熠熠的时代。
现在，要和这本陪伴我们度过25个年头的老朋友，说再见了。 ​",Mon Jan 07 12:37:06 +0800 2019,403,241
戏精牡丹,四川 成都,m,3491004,今晚八点 不见不散。（新年第一哭准备好） ​,Mon Jan 07 14:21:37 +0800 2019,960,4222
叶荣添,北京,m,1122969,发表了博文《泡沫再起，春季攻势目标2900点！》泡沫再起，春季攻势目标2900点！一切都在按照预期在进行，2018年最后一篇文章，我提出了2019年的展望就是8个字：新低，拉升，下探，崩盘。目前第一个http://t.cn/EG9C9t7 ​,Sun Jan 06 21:21:38 +0800 2019,194,841
是cici姐姐,北京,f,911777,"赞赞赞！
揪一个宝送m.Ac新春限定小辣椒！
点上关主，明天开！ ​",Sun Jan 06 19:00:45 +0800 2019,617,10585
中国书画诗词院,北京,m,3038869,【  众志成城 …  】 ​,Mon Jan 07 06:06:03 +0800 2019,156,982
上海老梁_微博,上海,m,3847301,"1月7日，看盘笔记

今日，早盘将高开，盘中高走—回落—再高走，然后震荡，尾盘收阳概率大，喜庆的一天。 ​",Mon Jan 07 09:23:12 +0800 2019,300,1346
陈·橘,海外 新加坡,f,300943,想说的太多又不知道从何说起因为经历了太多，那就献上简陋的年度爱用吧，准确的说是下半年度，上半年爱用啥我都不记得了，时而专情时而渣男的我。工作原因几乎每天在试不同的东西所以想用出点痕迹真的太难了🥺 但提到的基本都是出门会想着带在化妆包里的宠妃们 2019 继续爱化妆品的新一年 ​,Sun Jan 06 18:49:21 +0800 2019,1341,4357
明星关注,香港,f,1548005,昨天Q China 2018年度音乐盛典，#冯提莫和3unshine粉丝battle# 现场喊的撕心裂肺，这一波打call太6666http://t.cn/EG925Tp ​,Mon Jan 07 11:32:41 +0800 2019,1473,2934
_老番茄_,上海 浦东新区,m,1182319,评论抽五个，每人送一箱草莓牛奶🙃🙃🙃🙃下周一开奖 ​,Sun Jan 06 18:04:14 +0800 2019,14302,5761
呆十三,其他,m,18095308,“我家的羊为什么这么蠢？？？” http://t.cn/EGOxmCh ​,Mon Jan 07 13:01:18 +0800 2019,877,2066
草莓牛奶味的Haru,海外 其他,f,983801,"赖冠霖开ins啦히히히히！！！！！！！ 
“我赖冠霖将会战胜任何一切的难题”💪！ ​",Mon Jan 07 11:19:33 +0800 2019,609,4908
A股侠女,海外 美国,f,1681947,喜鹊来报喜，好事必登门 ​​​~ 转发者一个月内定有好运[心] ​​​​​,Mon Jan 07 06:18:03 +0800 2019,59,577
北美小桥段,海外 美国,f,1649532,"如果说2018还有什么小美好，就是认识了这只世界上最可爱的小蜘蛛——Lucas[米奇比心]
卢卡斯至今为止所有的小视频都在这啦，14集。这一整年我们也算是看着他成长的叔叔阿姨了，从他讲话呜哩呜哩的口水音，到现在吐字清晰的小奶音。#最可爱小蜘蛛Lucas# 
感谢动画制作人Joshua 和给他配音的小可爱侄子 ​",Mon Jan 07 12:40:03 +0800 2019,367,1992
王恺同学,北京,m,213214,"来严肃地八卦一下张雨绮类型女明星。

写“鲁滨逊漂流记”的笛福曾经写过一个奇特女子“罗克萨娜”，十八世纪一个美貌的女子，因为贫穷做了房东的情妇，后来一路当了珠宝商的情妇，国王的情妇，之后又离开国王找了很多情人，罗克萨娜的理论是，女人和男人一样，生而自由，不能结婚，结婚就放弃了很多， ​",Sun Jan 06 23:19:48 +0800 2019,304,916
金浩森,浙江 杭州,m,4510911,"蓝色的济州岛，天气很好，风也很大，金老师也很认真[可爱]
#恋上冬日# ​",Sun Jan 06 17:09:01 +0800 2019,817,8273
新浪电视,北京 海淀区,f,7017353,"广电总局12月电视剧变更通报发布：
#易烊千玺[超话]# #雷佳音[超话]# 《长安十二时辰》60集变更为26集，#王大陆[超话]# #李沁[超话]# 《狼殿下》48集变更为58集，#张若昀[超话]# 《庆余年》52集变更为46集，#李晨[超话]# 《七日生》24集变更为32集，#刘涛[超话]# 《拼图》40集变更为52集，新版《八月未 ​",Mon Jan 07 11:29:53 +0800 2019,2516,3392
陶白白Sensei,广东 深圳,m,6016282,"下一篇轮到天秤座了。
可能所有人都觉得天秤就是一个老好人，不懂拒绝，没什么脾气，很少表达自己的主观意识。
但实际上，不懂拒绝并不代表接受了，在绝大多数时候，天秤的礼貌客气和亲近都只是一种本能反应而已。
就是只要不讨厌，他就是这么一副好相处的样子，跟谁都这样，并不是特指你。
正因为这一 ​",Mon Jan 07 12:41:16 +0800 2019,1332,2011
矢外戈,福建,m,202882,#女人的友谊 共同讨厌的人# 如果你也讨厌我讨厌的人 好了姐妹 干杯[干杯] ​,Mon Jan 07 07:19:55 +0800 2019,1350,4111
回忆专用小马甲,其他,m,35450815,我，出门六天，胖了8斤，没有比我更惨的吧[失望] ​,Sun Jan 06 17:15:02 +0800 2019,1942,5146
反裤衩阵地,北京 朝阳区,m,2042515,有试过三只猫一起跳上你的膝盖么？#今日发猫# ​,Sun Jan 06 20:08:39 +0800 2019,347,873
健身壹时代,北京,m,397076,"#脂肪的好处# 
【脂肪不但有好处，脂肪还分“好脂肪”与“坏脂肪”】
❤什么是好脂肪？
好脂肪就是“不饱和脂肪”，具有好脂肪的食物有“鱼”、“蛋”、“鲑鱼”、“鲭鱼”等鱼类，“橄榄油”、“亚麻籽油”、“鱼油”、“核桃”、“腰果”、“牛油果”都含有这些“好脂肪”。
好脂肪可以为人体提供的 ​",Mon Jan 07 11:06:43 +0800 2019,426,1463
记得,河北,m,410932,"​​​创意水果拼盘，可爱到舍不得吃 ！
#没卖出去的水果下班回家# ​",Sun Jan 06 23:32:32 +0800 2019,213,3751
青春影视小综,上海,f,612653,#欧阳娜娜 可爱##张艺兴表情管理# 欧阳娜娜在吐槽大会回应炒cp说“弄得我都不敢跟人同框了”，其实我一直觉得她只是cp体质[允悲]看节目就是一个被吐槽演技时害羞捂脸笑，吐槽张艺兴e不发音被“吓得”各种道歉的普通小姑娘，和沈玉琳的“康熙组”互动时都快被圈粉了，太乖了吧！ http://t.cn/EG9jIWQ ​,Sun Jan 06 21:33:02 +0800 2019,1212,9041
小野妹子学吐槽,海外 其他,m,18415712,课代表带你们更新一下知识：被李晨送过石头后来嫁兵哥哥的是张馨予，经常演硬汉演大将军的是张涵予，王思聪前女友是张予曦，第一届超女唱酸酸甜甜的是张含韵，演南方有乔木的是张艺馨，跳舞特别讲究balance的那个是张艺兴，袁弘媳妇即将生娃的是张歆艺，教你识别碎钻和前夫分了合合了分的是张雨绮。 ​,Sun Jan 06 20:52:15 +0800 2019,855,3449
